[{"id":"185faf0b.543931","type":"tab","label":"Flow 1","disabled":false,"info":""},{"id":"bc2e16fb.53dc38","type":"inject","z":"185faf0b.543931","name":"","topic":"","payload":"SRM","payloadType":"str","repeat":"","crontab":"","once":false,"onceDelay":0.1,"x":77,"y":99,"wires":[["42bc89f3.b59ac8"]]},{"id":"79dfb32e.cf7e7c","type":"ui_form","z":"185faf0b.543931","name":"","label":"","group":"3f3802e.3b9acfe","order":2,"width":"5","height":"3","options":[{"label":"gender","value":"ge","type":"number","required":true},{"label":"age","value":"ag","type":"number","required":true},{"label":"occupation","value":"oc","type":"number","required":true},{"label":"stay in years","value":"siy","type":"number","required":true},{"label":"marital status","value":"ms","type":"number","required":true},{"label":"prod category","value":"pc","type":"number","required":true},{"label":"category","value":"ca","type":"number","required":true}],"formValue":{"ge":"","ag":"","oc":"","siy":"","ms":"","pc":"","ca":""},"payload":"","submit":"submit","cancel":"cancel","topic":"","x":70,"y":300,"wires":[["42bc89f3.b59ac8"]]},{"id":"42bc89f3.b59ac8","type":"function","z":"185faf0b.543931","name":"token generation","func":"var Base64={_keyStr:\"ABCDEFGHIJKLMNOPQRSTUVWXYZabcdefghijklmnopqrstuvwxyz0123456789+/=\",encode:function(e){var t=\"\";var n,r,i,s,o,u,a;var f=0;e=Base64._utf8_encode(e);while(f<e.length){n=e.charCodeAt(f++);r=e.charCodeAt(f++);i=e.charCodeAt(f++);s=n>>2;o=(n&3)<<4|r>>4;u=(r&15)<<2|i>>6;a=i&63;if(isNaN(r)){u=a=64}else if(isNaN(i)){a=64}t=t+this._keyStr.charAt(s)+this._keyStr.charAt(o)+this._keyStr.charAt(u)+this._keyStr.charAt(a)}return t},decode:function(e){var t=\"\";var n,r,i;var s,o,u,a;var f=0;e=e.replace(/++[++^A-Za-z0-9+/=]/g,\"\");while(f<e.length){s=this._keyStr.indexOf(e.charAt(f++));o=this._keyStr.indexOf(e.charAt(f++));u=this._keyStr.indexOf(e.charAt(f++));a=this._keyStr.indexOf(e.charAt(f++));n=s<<2|o>>4;r=(o&15)<<4|u>>2;i=(u&3)<<6|a;t=t+String.fromCharCode(n);if(u!=64){t=t+String.fromCharCode(r)}if(a!=64){t=t+String.fromCharCode(i)}}t=Base64._utf8_decode(t);return t},_utf8_encode:function(e){e=e.replace(/\\r\\n/g,\"n\");var t=\"\";for(var n=0;n<e.length;n++){var r=e.charCodeAt(n);if(r<128){t+=String.fromCharCode(r)}else if(r>127&&r<2048){t+=String.fromCharCode(r>>6|192);t+=String.fromCharCode(r&63|128)}else{t+=String.fromCharCode(r>>12|224);t+=String.fromCharCode(r>>6&63|128);t+=String.fromCharCode(r&63|128)}}return t},_utf8_decode:function(e){var t=\"\";var n=0;var r=c1=c2=0;while(n<e.length){r=e.charCodeAt(n);if(r<128){t+=String.fromCharCode(r);n++}else if(r>191&&r<224){c2=e.charCodeAt(n+1);t+=String.fromCharCode((r&31)<<6|c2&63);n+=2}else{c2=e.charCodeAt(n+1);c3=e.charCodeAt(n+2);t+=String.fromCharCode((r&15)<<12|(c2&63)<<6|c3&63);n+=3}}return t}};\nvar username=\"a6898889-068c-4a5d-af3c-2710f950219f\"\nvar password=\"3b34697c-3143-4421-b06b-f4b82f57f6e7\";\nvar encodedString = Base64.encode(username+':'+password);\nmsg.headers = {\"Authorization\":\"Basic \"+ encodedString};\nglobal.set(\"ge\",msg.payload.ge)\nglobal.set(\"ag\",msg.payload.ag)\nglobal.set(\"oc\",msg.payload.oc)\nglobal.set(\"siy\",msg.payload.siy)\nglobal.set(\"ms\",msg.payload.ms)\nglobal.set(\"pc\",msg.payload.pc)\nglobal.set(\"ca\",msg.payload.ca)\nreturn msg;","outputs":1,"noerr":0,"x":267,"y":202,"wires":[["120c3c54.d33b94"]]},{"id":"120c3c54.d33b94","type":"http request","z":"185faf0b.543931","name":"","method":"GET","ret":"obj","paytoqs":false,"url":"https://eu-gb.ml.cloud.ibm.com/v3/identity/token","tls":"","proxy":"","authType":"basic","x":548,"y":202,"wires":[["d02412c0.8ade3"]]},{"id":"7eafde97.73c66","type":"http request","z":"185faf0b.543931","name":"","method":"POST","ret":"obj","paytoqs":false,"url":"https://eu-gb.ml.cloud.ibm.com/v3/wml_instances/d229f0fe-c06a-44b2-bf5b-bdb870d2a401/deployments/71f1229d-ed42-4f57-a6ec-cfcb5a01b3a8/online","tls":"","proxy":"","authType":"basic","x":340,"y":452,"wires":[["ba9b1618.c70768"]]},{"id":"d02412c0.8ade3","type":"function","z":"185faf0b.543931","name":"prediction","func":"var token=msg.payload.token;\nvar ge=global.get(\"ge\");\nvar ag=global.get(\"ag\");\nvar oc=global.get(\"oc\");\nvar siy=global.get(\"siy\");\nvar ms=global.get(\"ms\");\nvar pc=global.get(\"pc\");\nvar ca=global.get(\"ca\");\nmsg.payload={\"fields\":[\"gender\",\"age\",\"occupation\",\"stay in years\",\"marital status\",\"prod category\",\"category\"],\"values\":[[ge,ag,oc,siy,ms,pc,ca]]};\nmsg.headers={\"Authorization\":\"Bearer \"+token}\nreturn msg;","outputs":1,"noerr":0,"x":145,"y":452,"wires":[["7eafde97.73c66"]]},{"id":"ba9b1618.c70768","type":"function","z":"185faf0b.543931","name":"o/p parsing","func":"msg.payload=msg.payload.values[0][0]\nreturn msg;","outputs":1,"noerr":0,"x":554,"y":452,"wires":[["625fa742.b02b98"]]},{"id":"625fa742.b02b98","type":"ui_text","z":"185faf0b.543931","group":"3f3802e.3b9acfe","order":3,"width":0,"height":0,"name":"","label":"prediction","format":"{{msg.payload}}","layout":"row-center","x":758,"y":452,"wires":[]},{"id":"3f3802e.3b9acfe","type":"ui_group","z":"","name":"home","tab":"aa8a350f.f4a878","disp":true,"width":"6","collapse":false},{"id":"aa8a350f.f4a878","type":"ui_tab","z":"","name":"predict","icon":"dashboard","disabled":false,"hidden":false}]